epoch,step,train/cardinality_error,train/cardinality_error_0,train/cardinality_error_1,train/cardinality_error_2,train/cardinality_error_enc,train/class_error,train/loss,train/loss_bbox,train/loss_bbox_0,train/loss_bbox_1,train/loss_bbox_2,train/loss_bbox_enc,train/loss_ce,train/loss_ce_0,train/loss_ce_1,train/loss_ce_2,train/loss_ce_enc,train/loss_giou,train/loss_giou_0,train/loss_giou_1,train/loss_giou_2,train/loss_giou_enc,val/AP/ball,val/AP/goalkeeper,val/AP/player,val/AP/referee,val/F1,val/ema_mAP_50,val/ema_mAP_50_95,val/ema_mAR,val/loss,val/mAP_50,val/mAP_50_95,val/mAP_75,val/mAR,val/precision,val/recall
0,7,,,,,,,,,,,,,,,,,,,,,,,0.0063815792091190815,0.0042259874753654,0.0,0.062119171023368835,0.04766949266195297,0.036984633654356,0.018347546458244324,0.24498622119426727,8.651128768920898,0.03676546737551689,0.018181683495640755,0.015934910625219345,0.23523707687854767,0.030405405908823013,0.11029411852359772
0,7,3849.5078125,3841.7421875,3863.5234375,3875.84375,3883.4453125,92.88480377197266,9.043877601623535,0.013685058802366257,0.01573522388935089,0.01421122346073389,0.013860647566616535,0.01846463792026043,1.1736624240875244,1.211122989654541,1.180128574371338,1.185031533241272,1.1990370750427246,0.261945515871048,0.27475234866142273,0.26341331005096436,0.2641385793685913,0.2933056950569153,,,,,,,,,,,,,,,
